Название;Населенный пункт;Линия;Звёзды;Рейтинг;Ссылка
Cesars Temple De Luxe;Белек-центр;1-я линия от моря;5;4,63;https://tophotels.ru/hotel/al17828/reviews
Dobedan Exclusive Hotel (ex.Alva Donna Exclusive Hotel & Spa);Богазкент;1-я линия от моря;5;4,75;https://tophotels.ru/hotel/al16712/reviews
Pine Beach Belek;Белек-центр;1-я линия от моря;5;4,62;https://tophotels.ru/hotel/al11975/reviews
Port Nature Luxury Resort Hotel & Spa;Богазкент;1-я линия от моря;5;4,76;https://tophotels.ru/hotel/al136675/reviews
Belconti Resort Hotel;Белек-центр;1-я линия от моря;5;4,54;https://tophotels.ru/hotel/al586/reviews
TUI MAGIC LIFE Masmavi;Белек-центр;1-я линия от моря;5;4,44;https://tophotels.ru/hotel/al305757/reviews
Limak Arcadia Sport Resort Hotel;Пляжный;1-я линия от моря;5;4,72;https://tophotels.ru/hotel/al4939/reviews
Belek Beach Resort Hotel;Богазкент;1-я линия от моря;5;4,72;https://tophotels.ru/hotel/al17102/reviews
Green Max;Кадрие;1-я линия от моря;5;4,42;https://tophotels.ru/hotel/al11727/reviews
Bellis Deluxe;Кадрие;1-я линия от моря;5;4,68;https://tophotels.ru/hotel/al24916/reviews
Adora Golf Resort Hotel;Белек-центр;1-я линия от моря;5;4,53;https://tophotels.ru/hotel/al2414/reviews
Limak Atlantis Deluxe Hotel & Resort;Пляжный;1-я линия от моря;5;4,70;https://tophotels.ru/hotel/al4786/reviews
Crystal Paraiso Verde Resort & Spa;Богазкент;2-я линия от моря;5;4,46;https://tophotels.ru/hotel/al12586/reviews
Kaya Belek;Кадрие;1-я линия от моря;5;4,60;https://tophotels.ru/hotel/al4788/reviews
Spice Hotel & SPA;Белек-центр;1-я линия от моря;5;4,55;https://tophotels.ru/hotel/al28035/reviews
Belek Soho Beach Club;Белек-центр;1-я линия от моря;5;4,11;https://tophotels.ru/hotel/al29090/reviews
Granada Luxury Belek;Белек-центр;3-я линия от моря;5;4,75;https://tophotels.ru/hotel/al309424/reviews
FUN&SUN FAMILY Life Belek;Богазкент;1-я линия от моря;5;4,57;https://tophotels.ru/hotel/al78515/reviews
Selectum Family Resort;Белек-центр;1-я линия от моря;5;4,56;https://tophotels.ru/hotel/al2418/reviews
Megasaray Club Belek;Кадрие;1-я линия от моря;HV-;4,68;https://tophotels.ru/hotel/al729/reviews
Zeynep Hotel;Пляжный;1-я линия от моря;5;4,63;https://tophotels.ru/hotel/al2420/reviews
Papillon Belvil Hotel Resort & Spа;Белек-центр;1-я линия от моря;5;4,71;https://tophotels.ru/hotel/al5003/reviews
Papillon Zeugma Relaxury;Белек-центр;1-я линия от моря;5;4,75;https://tophotels.ru/hotel/al4785/reviews
IC Hotels Santai Family Resort;Белек-центр;1-я линия от моря;5;4,51;https://tophotels.ru/hotel/al11269/reviews
Papillon Ayscha Hotels Resort & Spa;Белек-центр;1-я линия от моря;5;4,70;https://tophotels.ru/hotel/al2419/reviews
Cesars Temple De Luxe;Белек-центр;1-я линия от моря;5;4,63;https://tophotels.ru/hotel/al17828/reviews
Dobedan Exclusive Hotel (ex.Alva Donna Exclusive Hotel & Spa);Богазкент;1-я линия от моря;5;4,75;https://tophotels.ru/hotel/al16712/reviews
Pine Beach Belek;Белек-центр;1-я линия от моря;5;4,62;https://tophotels.ru/hotel/al11975/reviews
Port Nature Luxury Resort Hotel & Spa;Богазкент;1-я линия от моря;5;4,76;https://tophotels.ru/hotel/al136675/reviews
Belconti Resort Hotel;Белек-центр;1-я линия от моря;5;4,54;https://tophotels.ru/hotel/al586/reviews
TUI MAGIC LIFE Masmavi;Белек-центр;1-я линия от моря;5;4,44;https://tophotels.ru/hotel/al305757/reviews
Limak Arcadia Sport Resort Hotel;Пляжный;1-я линия от моря;5;4,72;https://tophotels.ru/hotel/al4939/reviews
Belek Beach Resort Hotel;Богазкент;1-я линия от моря;5;4,72;https://tophotels.ru/hotel/al17102/reviews
Green Max;Кадрие;1-я линия от моря;5;4,42;https://tophotels.ru/hotel/al11727/reviews
Bellis Deluxe;Кадрие;1-я линия от моря;5;4,68;https://tophotels.ru/hotel/al24916/reviews
Adora Golf Resort Hotel;Белек-центр;1-я линия от моря;5;4,53;https://tophotels.ru/hotel/al2414/reviews
Limak Atlantis Deluxe Hotel & Resort;Пляжный;1-я линия от моря;5;4,70;https://tophotels.ru/hotel/al4786/reviews
Crystal Paraiso Verde Resort & Spa;Богазкент;2-я линия от моря;5;4,46;https://tophotels.ru/hotel/al12586/reviews
Kaya Belek;Кадрие;1-я линия от моря;5;4,60;https://tophotels.ru/hotel/al4788/reviews
Spice Hotel & SPA;Белек-центр;1-я линия от моря;5;4,55;https://tophotels.ru/hotel/al28035/reviews
Belek Soho Beach Club;Белек-центр;1-я линия от моря;5;4,11;https://tophotels.ru/hotel/al29090/reviews
Granada Luxury Belek;Белек-центр;3-я линия от моря;5;4,75;https://tophotels.ru/hotel/al309424/reviews
FUN&SUN FAMILY Life Belek;Богазкент;1-я линия от моря;5;4,57;https://tophotels.ru/hotel/al78515/reviews
Selectum Family Resort;Белек-центр;1-я линия от моря;5;4,56;https://tophotels.ru/hotel/al2418/reviews
Megasaray Club Belek;Кадрие;1-я линия от моря;HV-;4,68;https://tophotels.ru/hotel/al729/reviews
Zeynep Hotel;Пляжный;1-я линия от моря;5;4,63;https://tophotels.ru/hotel/al2420/reviews
Papillon Belvil Hotel Resort & Spа;Белек-центр;1-я линия от моря;5;4,71;https://tophotels.ru/hotel/al5003/reviews
Papillon Zeugma Relaxury;Белек-центр;1-я линия от моря;5;4,75;https://tophotels.ru/hotel/al4785/reviews
IC Hotels Santai Family Resort;Белек-центр;1-я линия от моря;5;4,51;https://tophotels.ru/hotel/al11269/reviews
Papillon Ayscha Hotels Resort & Spa;Белек-центр;1-я линия от моря;5;4,70;https://tophotels.ru/hotel/al2419/reviews
Rixos Premium Belek;Белек-центр;1-я линия от моря;5;4,66;https://tophotels.ru/hotel/al17371/reviews
Orange County Belek - (Family Concept);Богазкент;1-я линия от моря;5;4,52;https://tophotels.ru/hotel/al32205/reviews
Voyage Belek Golf & Spa;Белек-центр;1-я линия от моря;5;4,68;https://tophotels.ru/hotel/al27987/reviews
Larissa River Resort Hotel;Пляжный;3-я линия от моря;5;4,07;https://tophotels.ru/hotel/al100077/reviews
Aydinbey Famous Resort;Богазкент;1-я линия от моря;5;4,44;https://tophotels.ru/hotel/al17057/reviews
Crystal Tat Beach Golf Resort & Spa;Пляжный;1-я линия от моря;5;4,35;https://tophotels.ru/hotel/al2422/reviews
Sirene Belek Hotel;Пляжный;1-я линия от моря;5;4,55;https://tophotels.ru/hotel/al4791/reviews
Aquaworld Belek by MP Hotels;Белек-центр;1-я линия от моря;5;4,44;https://tophotels.ru/hotel/al5329/reviews
Ela Excellence Resort Belek;Пляжный;1-я линия от моря;5;4,56;https://tophotels.ru/hotel/al28033/reviews
SUSESI Luxury Resort;Пляжный;1-я линия от моря;5;4,68;https://tophotels.ru/hotel/al28086/reviews
Amon Hotels;Кадрие;3-я линия от моря;4;4,17;https://tophotels.ru/hotel/al32104/reviews
Clover Magic Seagate (ex.Throne Seagate Belek Hotel);Богазкент;1-я линия от моря;5;3,92;https://tophotels.ru/hotel/al134650/reviews
Rixos Park Belek (ex.TTH Belek Imperial);Белек-центр;1-я линия от моря;5;4,44;https://tophotels.ru/hotel/al26156/reviews
Calista Luxury Resort;Пляжный;1-я линия от моря;5;4,45;https://tophotels.ru/hotel/al27957/reviews
Innvista Hotels Belek;Кадрие;2-я линия от моря;5;4,60;https://tophotels.ru/hotel/al11292/reviews
TUI Magic Life Belek;Кадрие;1-я линия от моря;5;4,55;https://tophotels.ru/hotel/al2423/reviews
Maxx Royal Belek Golf Resort;Пляжный;1-я линия от моря;5;4,85;https://tophotels.ru/hotel/al61593/reviews
Titanic Deluxe Golf Belek;Пляжный;2-я линия от моря;5;4,62;https://tophotels.ru/hotel/al101505/reviews
Paloma Grida;Искеле;1-я линия от моря;5;4,64;https://tophotels.ru/hotel/al2424/reviews
Cornelia De Luxe Resort;Пляжный;1-я линия от моря;5;4,73;https://tophotels.ru/hotel/al4787/reviews
Siam Elegance;Белек-центр;1-я линия от моря;5;4,23;https://tophotels.ru/hotel/al32598/reviews
Gloria Verde Resort;Белек-центр;1-я линия от моря;5;4,79;https://tophotels.ru/hotel/al752/reviews
Sensitive Premium Resort & Spa;Богазкент;2-я линия от моря;5;4,45;https://tophotels.ru/hotel/al306155/reviews
Xanadu Resort;Белек-центр;через дорогу;5;4,71;https://tophotels.ru/hotel/al2417/reviews
Crystal Waterworld Resort & Spa;Богазкент;1-я линия от моря;5;4,15;https://tophotels.ru/hotel/al98662/reviews
Adam & Eve Hotel;Искеле;1-я линия от моря;5;4,54;https://tophotels.ru/hotel/al26446/reviews
Selectum Luxury Resort;Пляжный;1-я линия от моря;5;4,65;https://tophotels.ru/hotel/al310858/reviews
Kaya Palazzo Golf Resort;Белек-центр;1-я линия от моря;5;4,68;https://tophotels.ru/hotel/al100627/reviews
Sueno Golf Belek;Ташлыбурун;2-я линия от моря;5;4,76;https://tophotels.ru/hotel/al30978/reviews
Crystal Family Resort & Spa;Богазкент;1-я линия от моря;5;4,42;https://tophotels.ru/hotel/al27958/reviews
Maya World Park;Кадрие;рядом;4;4,27;https://tophotels.ru/hotel/al153674/reviews
Gloria Golf Resort;Пляжный;1-я линия от моря;5;4,71;https://tophotels.ru/hotel/al751/reviews
Gural Premier Belek;Искеле;1-я линия от моря;5;4,65;https://tophotels.ru/hotel/al34/reviews
Cornelia Diamond Golf Resort & Spa;Искеле;1-я линия от моря;5;4,59;https://tophotels.ru/hotel/al32206/reviews
Kirman Belazur Resort & Spa;Богазкент;1-я линия от моря;5;4,50;https://tophotels.ru/hotel/al101359/reviews
Sherwood Dreams Resort;Богазкент;1-я линия от моря;5;4,36;https://tophotels.ru/hotel/al61596/reviews
Regnum Carya;Кадрие;1-я линия от моря;5;4,75;https://tophotels.ru/hotel/al130132/reviews
Belkon Hotel Belek;Богазкент;3-я линия от моря;4;3,59;https://tophotels.ru/hotel/al20145/reviews
Attaleia Shine Luxury Hotel (закрыт);Пляжный;1-я линия от моря;5;4,04;https://tophotels.ru/hotel/al28081/reviews
Gloria Serenity Resort;Белек-центр;1-я линия от моря;5;4,69;https://tophotels.ru/hotel/al28079/reviews
Sueno Hotels Deluxe Belek;Пляжный;1-я линия от моря;5;4,40;https://tophotels.ru/hotel/al169278/reviews
Rixos The Land of Legends;Белек-центр;3-я линия от моря;5;4,63;https://tophotels.ru/hotel/al305399/reviews
Aydinbey Queen's Palace & Spa;Кадрие;3-я линия от моря;5;4,44;https://tophotels.ru/hotel/al317752/reviews
Sarp Hotel Kadriye;Кадрие;3-я линия от моря;3;4,30;https://tophotels.ru/hotel/al242934/reviews
TUI Blue Belek;Богазкент;1-я линия от моря;5;4,60;https://tophotels.ru/hotel/al61595/reviews
Attaleia Holiday Village (закрыт);Пляжный;1-я линия от моря;5;3,28;https://tophotels.ru/hotel/al2429/reviews
Kempinski Hotel The Dome;Белек-центр;1-я линия от моря;5;4,65;https://tophotels.ru/hotel/al19713/reviews
The X Belek;Пляжный;3-я линия от моря;5;4,38;https://tophotels.ru/hotel/al331950/reviews
Gloria Villas;Белек-центр;2-я линия от моря;5;4,88;https://tophotels.ru/hotel/al11898/reviews
Club Lagonya Garden;Белек-центр;3-я линия от моря;3;3,34;https://tophotels.ru/hotel/al4789/reviews
Crystal Boutique Beach Resort;Богазкент;1-я линия от моря;5;4,64;https://tophotels.ru/hotel/al316951/reviews
The CULLINAN Golf Resort Belek;"50%

                            для отдыха с семьёй                        




                            4,60                        
                        Размещение                    


                            4,40                        
                        Питание                    


                            4,10                        
                        Сервис                    


                                4,90                            
                            Удобная парковка                        


                                4,70                            
                            Сервисы для детей                        


                                4,60                            
                            Номер";----;5;4,37;https://tophotels.ru/hotel/al327367/reviews
Crystal Club World of Colours;Богазкент;2-я линия от моря;4;4,52;https://tophotels.ru/hotel/al323244/reviews
Club Pine Beach (закрыт);Белек-центр;1-я линия от моря;5;4,10;https://tophotels.ru/hotel/al28100/reviews
Dionisus Hotel;"45%

                            для отдыха с детьми                        




                            3,13                        
                        Размещение                    


                            2,37                        
                        Питание                    


                            2,83                        
                        Сервис                    


                                3,20                            
                            Номера                        


                                3,20                            
                            WiFi                        


                                2,40                            
                            Удобная парковк";----;4;2,78;https://tophotels.ru/hotel/al324905/reviews
Olympic Hotels Belek;Кадри;----;3;5,00;https://tophotels.ru/hotel/al319875/reviews
Ceres;Белек-центр;3-я линия от моря;3;4,28;https://tophotels.ru/hotel/al35546/reviews
Altis Golf Hotel (закрыт);Белек-центр;1-я линия от моря;5;3,67;https://tophotels.ru/hotel/al29521/reviews
Cornelia Azure Villas;Пляжный;1-я линия от моря;5;5,00;https://tophotels.ru/hotel/al101664/reviews
Hotella Hotel and Spa (ex.Prado Sport Belek);Пляжный;3-я линия от моря;4;3,04;https://tophotels.ru/hotel/al323480/reviews
Rixos Premium Belek Villas;Пляжный;1-я линия от моря;5;3,04;https://tophotels.ru/hotel/al35327
Robinson Club Nobilis;Кадрие;через дорогу;5;4,90;https://tophotels.ru/hotel/al5333/reviews
Belek Diamonds Hotel;"50%

                            для отдыха парой                        




                            4,13                        
                        Размещение                    


                            4,25                        
                        Питание                    


                            3,75                        
                        Сервис                    


                                3,90                            
                            Номера                        


                                3,60                            
                            Удобная парковка                        


                                3,20                            
                            WiF";----;;4,04;https://tophotels.ru/hotel/al325812/reviews
Crystal Waterworld Park Resort & Spa;Пляжный;1-я линия от моря;4;4,67;https://tophotels.ru/hotel/al319508/reviews
Gloria Sports Arena;Пляжный;3-я линия от моря;;4,67;https://tophotels.ru/hotel/al184804
Kurt Hotel;Пляжный;2-я линия от моря;;4,67;https://tophotels.ru/hotel/al167452
Fiorita;Белек-центр;3-я линия от моря;3;4,67;https://tophotels.ru/hotel/al12708
Riverside;Белек-центр;3-я линия от моря;3;4,00;https://tophotels.ru/hotel/al18343/reviews
Medusa Otel;"4,00                        
                        Размещение                    


                            4,00                        
                        Питание                    


                            4,00                        
                        Серви";----;3;4,00;https://tophotels.ru/hotel/al322268/reviews
Club Marmara Bellis (закрыт);Кадрие;1-я линия от моря;5;3,33;https://tophotels.ru/hotel/al2416/reviews
Oasis Club Belek;Пляжный;2-я линия от моря;3;1,67;https://tophotels.ru/hotel/al70166/reviews
The Prime Garden;Загородный;рядом;;1,67;https://tophotels.ru/hotel/al211286
Silver Palms Belek;"Отель мало изучен                Вам есть что рассказать?                Напишите отзыв, 
                и будьте первыми!";----;;1,67;https://tophotels.ru/hotel/al318319
Demirci;Загородный;рядом;;1,67;https://tophotels.ru/hotel/al172681
Belek Flash;Пляжный;3-я линия от моря;;1,67;https://tophotels.ru/hotel/al167440
